<?xml version="1.0" encoding="UTF-8"?>
<project-private xmlns="http://www.netbeans.org/ns/project-private/1">
    <editor-bookmarks xmlns="http://www.netbeans.org/ns/editor-bookmarks/2" lastBookmarkId="0"/>
    <open-files xmlns="http://www.netbeans.org/ns/projectui-open-files/2">
        <group>
            <file>file:/C:/Users/aleex/Documents/NetBeansProjects/TP5-Simulacion-FX/src/tp5/simulacion/Class/Eventos/Simulacion/GestorSimulacion.java</file>
            <file>file:/C:/Users/aleex/Documents/NetBeansProjects/TP5-Simulacion-FX/src/Eventos/IngresoPuerto.java</file>
            <file>file:/C:/Users/aleex/Documents/NetBeansProjects/TP5-Simulacion-FX/src/Eventos/LlegadaBuque.java</file>
            <file>file:/C:/Users/aleex/Documents/NetBeansProjects/TP5-Simulacion-FX/src/tp5/simulacion/Class/Objetos/Tanque.java</file>
            <file>file:/C:/Users/aleex/Documents/NetBeansProjects/TP5-Simulacion-FX/src/tp5/simulacion/Class/Eventos/Simulacion/VectorEstadoView.java</file>
            <file>file:/C:/Users/aleex/Documents/NetBeansProjects/TP5-Simulacion-FX/src/tp5/simulacion/Class/Eventos/Simulacion/VectorEstado.java</file>
        </group>
    </open-files>
</project-private>
